TimeStamp,Delta_TP9,Delta_AF7,Delta_AF8,Delta_TP10,Theta_TP9,Theta_AF7,Theta_AF8,Theta_TP10,Alpha_TP9,Alpha_AF7,Alpha_AF8,Alpha_TP10,Beta_TP9,Beta_AF7,Beta_AF8,Beta_TP10,Gamma_TP9,Gamma_AF7,Gamma_AF8,Gamma_TP10
2024-03-06 17:38:08.832,0.9005373969999997,-4.035100676000002,-0.36075565985000035,1.4232754235999996,0.8571659667999999,-4.030522477999999,-0.41148795208000005,1.1290650979999994,1.1467596044000004,-3.4574583410000024,0.13556104768,1.0965887906,0.6784053933999998,-3.466557264000001,0.25125001774,0.5235896704999999,0.3363264034000001,-3.597169050000001,0.15722690356999997,0.14285445363
2024-03-06 17:38:08.863,0.72323275,-4.18184,0.24574244,1.5011954,0.40229526,-4.4121532,-0.052534338,0.9489603,0.91708404,-3.9782574,0.3126415,1.1912637,0.450627,-3.712752,0.046615034,0.41774926,0.12644716,-3.7226982,-0.046483494,0.17917144
2024-03-06 17:38:08.887,0.9005373969999997,-4.035100676000002,-0.36075565985000035,1.4232754235999996,0.8571659667999999,-4.030522477999999,-0.41148795208000005,1.1290650979999994,1.1467596044000004,-3.4574583410000024,0.13556104768,1.0965887906,0.6784053933999998,-3.466557264000001,0.25125001774,0.5235896704999999,0.3363264034000001,-3.597169050000001,0.15722690356999997,0.14285445363
2024-03-06 17:38:09.875,1.0823686,-4.18184,0.1192521,1.5011954,1.0480983,-4.4121532,-0.092940025,0.9489603,1.4911467,-3.9782574,0.30279815,1.1912637,0.74764764,-3.712752,0.21636403,0.41774926,0.382513,-3.7226982,-0.117816105,0.17917144
2024-03-06 17:38:10.385,0.9005373969999997,-4.035100676000002,-0.36075565985000035,1.4232754235999996,0.8571659667999999,-4.030522477999999,-0.41148795208000005,1.1290650979999994,1.1467596044000004,-3.4574583410000024,0.13556104768,1.0965887906,0.6784053933999998,-3.466557264000001,0.25125001774,0.5235896704999999,0.3363264034000001,-3.597169050000001,0.15722690356999997,0.14285445363
2024-03-06 17:38:10.884,0.9777716,-4.18184,-0.12439406,1.5011954,1.1130702,-4.4121532,-0.21350457,0.9489603,1.4856907,-3.9782574,0.1547763,1.1912637,0.7477119,-3.712752,0.095216535,0.41774926,0.34684286,-3.7226982,-0.06291496,0.17917144
2024-03-06 17:38:11.892,0.7357371,-4.18184,-0.07136444,1.5876275,0.8643162,-4.4121532,-0.31606978,1.0423653,1.2075878,-3.9782574,0.07301713,0.97600806,0.63755697,-3.712752,-0.010752376,0.6550235,0.35463512,-3.7226982,-0.24558438,0.12524417
2024-03-06 17:38:12.902,0.76583457,-4.18184,-0.5033291,1.5718032,0.63018787,-4.4121532,-0.50557315,1.0288405,1.343364,-3.9782574,0.15217659,1.0001321,0.5863529,-3.712752,0.21071234,0.54919475,0.34962332,-3.7226982,-0.08712657,0.18307646
2024-03-06 17:38:13.160,0.9005373969999997,-4.035100676000002,-0.36075565985000035,1.4232754235999996,0.8571659667999999,-4.030522477999999,-0.41148795208000005,1.1290650979999994,1.1467596044000004,-3.4574583410000024,0.13556104768,1.0965887906,0.6784053933999998,-3.466557264000001,0.25125001774,0.5235896704999999,0.3363264034000001,-3.597169050000001,0.15722690356999997,0.14285445363
2024-03-06 17:38:13.909,0.93973935,-4.18184,-0.5668716,1.5591403,0.4394655,-4.4121532,-0.14805514,1.0951158,0.98757195,-3.9782574,0.4657498,0.67598164,0.533075,-3.712752,0.16837993,0.5026608,0.40407312,-3.7226982,0.049778804,0.04014138
2024-03-06 17:38:14.918,1.2586104,-4.18184,0.0040848893,1.5994434,1.1937706,-4.4121532,-0.0075699612,1.051979,0.97506666,-3.9782574,0.057896327,0.6535717,0.6442822,-3.712752,0.3021209,0.51629645,0.20998484,-3.7226982,0.004193964,-0.055444486
2024-03-06 17:38:15.925,1.1281823,-4.18184,-0.013165169,1.5994434,1.1020252,-4.4121532,-0.22577962,1.051979,1.0611632,-3.9782574,0.008118399,0.6535717,0.6715707,-3.712752,0.2288099,0.51629645,0.41126287,-3.7226982,0.120643355,-0.055444486
2024-03-06 17:38:16.933,0.7432603,-4.18184,0.3591209,1.5994434,0.5731281,-4.4121532,-0.23821831,1.051979,0.888599,-3.9782574,0.05216165,0.6535717,0.7084005,-3.712752,0.13968103,0.51629645,0.5186013,-3.7226982,-0.12711331,-0.055444486
2024-03-06 17:38:17.941,0.6258823,-4.18184,0.2797192,1.2983276,0.600752,-4.4121532,-0.10697004,1.509696,0.78765863,-3.9782574,0.11730803,0.97458935,0.7704488,-3.712752,0.05014812,0.80145544,0.51021385,-3.7226982,-0.29635733,0.750286
2024-03-06 17:38:18.226,0.9005373969999997,-4.035100676000002,-0.36075565985000035,1.4232754235999996,0.8571659667999999,-4.030522477999999,-0.41148795208000005,1.1290650979999994,1.1467596044000004,-3.4574583410000024,0.13556104768,1.0965887906,0.6784053933999998,-3.466557264000001,0.25125001774,0.5235896704999999,0.3363264034000001,-3.597169050000001,0.15722690356999997,0.14285445363
2024-03-06 17:38:18.399,0.9005373969999997,-4.035100676000002,-0.36075565985000035,1.4232754235999996,0.8571659667999999,-4.030522477999999,-0.41148795208000005,1.1290650979999994,1.1467596044000004,-3.4574583410000024,0.13556104768,1.0965887906,0.6784053933999998,-3.466557264000001,0.25125001774,0.5235896704999999,0.3363264034000001,-3.597169050000001,0.15722690356999997,0.14285445363
2024-03-06 17:38:18.942,1.393461,-4.18184,-0.17613591,1.5365788,1.195387,-4.4121532,-0.17249331,1.2684498,1.4992294,-3.9782574,0.0005722439,1.1974213,1.2168449,-3.712752,0.08270326,0.9905557,1.1832103,-3.7226982,-0.10867555,0.94057417
2024-03-06 17:38:19.951,1.1626668,-4.18184,0.0070882486,1.7208172,1.1530453,-4.4121532,-0.28423318,1.1120937,1.485883,-3.9782574,0.07446539,1.209083,0.94926775,-3.712752,0.071758516,0.7863422,0.9412194,-3.7226982,-0.1402335,0.68367296
2024-03-06 17:38:20.957,0.8192944,-4.18184,0.4882679,1.7700174,1.0412785,-4.4121532,0.004309815,1.2374514,1.0636849,-3.9782574,0.28480357,0.9372119,0.53111345,-3.712752,-0.0134294145,0.48060974,0.06513102,-3.7226982,-0.31172526,0.16463314
2024-03-06 17:38:21.123,0.9005373969999997,-4.035100676000002,-0.36075565985000035,1.4232754235999996,0.8571659667999999,-4.030522477999999,-0.41148795208000005,1.1290650979999994,1.1467596044000004,-3.4574583410000024,0.13556104768,1.0965887906,0.6784053933999998,-3.466557264000001,0.25125001774,0.5235896704999999,0.3363264034000001,-3.597169050000001,0.15722690356999997,0.14285445363
2024-03-06 17:38:21.906,0.9005373969999997,-4.035100676000002,-0.36075565985000035,1.4232754235999996,0.8571659667999999,-4.030522477999999,-0.41148795208000005,1.1290650979999994,1.1467596044000004,-3.4574583410000024,0.13556104768,1.0965887906,0.6784053933999998,-3.466557264000001,0.25125001774,0.5235896704999999,0.3363264034000001,-3.597169050000001,0.15722690356999997,0.14285445363
2024-03-06 17:38:21.967,0.8192944,-4.18184,0.5998479,1.7700174,1.0412785,-4.4121532,0.23336051,1.2374514,1.0636849,-3.9782574,0.35443243,0.9372119,0.53111345,-3.712752,-0.1391978,0.48060974,0.06513102,-3.7226982,-0.30686063,0.16463314
2024-03-06 17:38:22.969,0.8192944,-4.18184,0.64008224,1.7700174,1.0412785,-4.4121532,0.2876781,1.2374514,1.0636849,-3.9782574,0.22435991,0.9372119,0.53111345,-3.712752,-0.09880417,0.48060974,0.06513102,-3.7226982,-0.22793408,0.16463314
2024-03-06 17:38:23.971,1.4897798,-4.18184,0.44058868,1.7700174,1.6469455,-4.4121532,-0.11000909,1.2374514,1.5402688,-3.9782574,0.54552644,0.9372119,1.1577867,-3.712752,-0.20297623,0.48060974,0.64326745,-3.7226982,-0.38006976,0.16463314
2024-03-06 17:38:24.972,0.703014,-4.18184,-0.379293,1.8064702,0.98085463,-4.4121532,-0.17951547,1.3602072,1.2140347,-3.9782574,0.5667026,1.3567462,0.8800365,-3.712752,0.010145194,0.73498195,0.5851639,-3.7226982,-0.2329106,0.22803424
2024-03-06 17:38:25.973,0.8138359,-4.18184,-0.2813282,1.622033,0.9115454,-4.4121532,-0.20227931,1.1313946,1.3481948,-3.9782574,0.14839114,1.3633201,0.88196355,-3.712752,0.14210923,0.7279512,0.37495992,-3.7226982,-0.2813147,0.078204535
2024-03-06 17:38:26.976,0.536352,-4.18184,-0.23756753,1.4731643,0.6498044,-4.4121532,-0.33466384,0.98907423,1.218552,-3.9782574,0.09336793,1.0445168,0.82832223,-3.712752,0.14848676,0.5841561,0.347789,-3.7226982,-0.16209424,0.08617297
2024-03-06 17:38:27.977,0.55826646,-4.18184,-0.36562905,1.4367435,0.6276181,-4.4121532,-0.1052229,1.0632035,1.1828368,-3.9782574,0.3745648,0.98755175,0.7207946,-3.712752,0.20303471,0.46047267,0.374646,-3.7226982,-0.13862485,0.033333898
2024-03-06 17:38:28.978,0.79813796,-4.18184,-0.4890081,1.462087,0.9604227,-4.4121532,-0.10407698,1.1442618,1.2851077,-3.9782574,0.2894026,1.2395216,0.6545157,-3.712752,0.17705445,0.467675,0.29302478,-3.7226982,-0.12654078,0.08963471
2024-03-06 17:38:29.979,0.833524,-4.18184,-0.22252537,1.3157873,0.6298679,-4.4121532,-0.01169812,0.9181648,1.1471449,-3.9782574,0.34295082,1.152535,0.59193885,-3.712752,0.032585498,0.40316588,0.37859046,-3.7226982,-0.053307,0.2508555
2024-03-06 17:38:30.980,0.81280065,-4.18184,-0.6152595,1.3157873,0.6822578,-4.4121532,-0.22575878,0.9181648,0.9973741,-3.9782574,0.0839967,1.152535,0.40311342,-3.712752,0.101237684,0.40316588,0.36141935,-3.7226982,-0.043511305,0.2508555
2024-03-06 17:38:31.981,0.93274075,-4.18184,-0.23537998,1.4409454,1.0754017,-4.4121532,-0.5264102,1.3535298,1.3654124,-3.9782574,0.09625011,0.92370003,0.87000275,-3.712752,0.17680202,0.2647324,0.3052838,-3.7226982,0.007374206,0.17305142
2024-03-06 17:38:32.983,0.68956965,-4.18184,-0.44366506,1.5675507,1.0937493,-4.4121532,-0.51907766,1.3521688,1.3426813,-3.9782574,-0.09239466,1.1229827,0.6992621,-3.712752,0.24405205,0.5193114,0.4243749,-3.7226982,-0.008545218,0.10974715
2024-03-06 17:38:33.770,0.9005373969999997,-4.035100676000002,-0.36075565985000035,1.4232754235999996,0.8571659667999999,-4.030522477999999,-0.41148795208000005,1.1290650979999994,1.1467596044000004,-3.4574583410000024,0.13556104768,1.0965887906,0.6784053933999998,-3.466557264000001,0.25125001774,0.5235896704999999,0.3363264034000001,-3.597169050000001,0.15722690356999997,0.14285445363
2024-03-06 17:38:33.985,0.7882298,-4.18184,-0.25280705,1.7906765,0.75476015,-4.4121532,-0.15287663,1.170107,1.2781303,-3.9782574,0.23917991,1.0468291,0.5570618,-3.712752,0.29316196,0.59792393,0.44435892,-3.7226982,-0.0802699,0.13073917
2024-03-06 17:38:34.986,0.42628115,-4.18184,-0.10701541,1.8090478,0.5768286,-4.4121532,-0.023845755,0.78443056,0.832553,-3.9782574,0.39190376,0.58157635,0.6092619,-3.712752,0.16127661,0.5733504,0.33439362,-3.7226982,-0.2089687,0.21502922
2024-03-06 17:38:35.987,0.5144857,-4.18184,-0.23370868,1.8265679,0.7631212,-4.4121532,-0.19107081,1.4188224,1.1753768,-3.9782574,0.41383895,1.6044363,0.6369159,-3.712752,0.22971648,0.6807558,0.4377654,-3.7226982,-0.06641061,0.11138984
2024-03-06 17:38:36.988,0.69985336,-4.18184,-0.37008667,1.8434333,0.82207036,-4.4121532,-0.28956622,1.3964939,1.2796098,-3.9782574,0.3170393,1.5412996,0.6128019,-3.712752,0.34180775,0.7044671,0.3643987,-3.7226982,0.031156288,0.0551189
2024-03-06 17:38:37.991,1.0834491,-4.18184,0.025590368,1.7926219,0.7658586,-4.4121532,-0.2783644,1.484627,0.71187794,-3.9782574,-0.085754186,1.0445737,0.6149046,-3.712752,-0.0017130874,0.399381,0.24295428,-3.7226982,0.03885142,0.05975768
2024-03-06 17:38:38.994,1.1131885,-4.18184,0.24545595,1.8172848,0.8643502,-4.4121532,-0.25450218,1.8343934,1.1822022,-3.9782574,-0.06407175,1.2384168,0.6126238,-3.712752,0.18541776,0.68649375,0.3460732,-3.7226982,-0.045630787,0.055835873
2024-03-06 17:38:39.995,1.1581013,-4.18184,-0.23891675,1.5361598,0.7833999,-4.4121532,-0.0564227,1.5739498,1.2334598,-3.9782574,0.35013142,1.2753404,0.7054764,-3.712752,0.20673054,0.6514192,0.28650188,-3.7226982,-0.12535134,0.20807292
2024-03-06 17:38:40.935,0.9005373969999997,-4.035100676000002,-0.36075565985000035,1.4232754235999996,0.8571659667999999,-4.030522477999999,-0.41148795208000005,1.1290650979999994,1.1467596044000004,-3.4574583410000024,0.13556104768,1.0965887906,0.6784053933999998,-3.466557264000001,0.25125001774,0.5235896704999999,0.3363264034000001,-3.597169050000001,0.15722690356999997,0.14285445363
2024-03-06 17:38:40.996,1.1527835,-4.18184,-0.37319762,1.5152907,0.24047102,-4.4121532,-0.3226024,1.397049,1.0765953,-3.9782574,0.16508311,1.1142237,0.71483624,-3.712752,0.13720435,0.47902182,0.061062787,-3.7226982,-0.19060385,0.23914653
2024-03-06 17:38:41.997,0.98657626,-4.18184,-0.2207303,1.485375,0.13644148,-4.4121532,-0.15424877,1.1830997,1.0000101,-3.9782574,-0.06715508,0.81594455,0.6667319,-3.712752,0.32722944,0.57018167,0.13947317,-3.7226982,-0.12877648,0.24369703
2024-03-06 17:38:42.999,0.98657626,-4.18184,-0.2313416,1.485375,0.13644148,-4.4121532,-0.03259943,1.1830997,1.0000101,-3.9782574,0.3009003,0.81594455,0.6667319,-3.712752,0.23634815,0.57018167,0.13947317,-3.7226982,-0.12282772,0.24369703
2024-03-06 17:38:44.000,1.0019257,-4.18184,-0.061738756,1.485375,0.775436,-4.4121532,-0.3707228,1.1830997,1.0878505,-3.9782574,0.26165023,0.81594455,0.6908288,-3.712752,0.14424434,0.57018167,0.2972895,-3.7226982,-0.13641559,0.24369703
2024-03-06 17:38:45.001,0.8856167,-4.18184,0.16509484,2.020233,0.552865,-4.4121532,-0.47044933,1.3688196,1.0243714,-3.9782574,-0.13330929,0.8118694,0.69304943,-3.712752,0.06031974,0.3505759,0.33130082,-3.7226982,-0.053692833,0.21685037
2024-03-06 17:38:46.003,0.937961,-4.18184,0.3439934,1.9295143,0.6545897,-4.4121532,-0.07492346,1.3256509,0.92193913,-3.9782574,0.20533445,1.1968973,0.8091614,-3.712752,0.08124255,0.45162192,0.27613372,-3.7226982,-0.20527297,0.10789221
2024-03-06 17:38:47.005,0.63979566,-4.18184,-0.27576166,1.814702,0.9642079,-4.4121532,-0.16733076,1.277713,1.3114367,-3.9782574,0.27516845,1.1714525,0.76060325,-3.712752,0.34423527,0.53353876,0.19049644,-3.7226982,-0.084335424,-0.037900683
2024-03-06 17:38:48.007,1.1549686,-4.18184,-0.5156654,1.814702,0.8380773,-4.4121532,-0.38658312,1.277713,1.2927741,-3.9782574,0.21439731,1.1714525,0.62203085,-3.712752,0.20763049,0.53353876,0.24520603,-3.7226982,0.19291247,-0.037900683
2024-03-06 17:38:49.010,1.0000285,-4.18184,-0.4252934,1.814702,0.78206795,-4.4121532,-0.29226327,1.277713,1.1746054,-3.9782574,0.11152139,1.1714525,0.69977033,-3.712752,0.11119097,0.53353876,0.14159252,-3.7226982,0.04133008,-0.037900683
2024-03-06 17:38:50.012,0.7787235,-4.18184,-0.27166158,1.5315269,0.7472991,-4.4121532,-0.4419762,1.0353571,1.217252,-3.9782574,-0.14328068,1.0796666,0.61256653,-3.712752,0.08232614,0.5948952,0.12787417,-3.7226982,-0.03802092,0.3219221
2024-03-06 17:38:51.018,0.7541137,-4.18184,-0.13673279,1.4988221,0.72041535,-4.4121532,-0.2781543,0.9990302,1.135063,-3.9782574,0.070516415,1.0093704,0.5163189,-3.712752,0.10091881,0.55767983,0.19007438,-3.7226982,-0.05098795,0.21379943
2024-03-06 17:38:52.020,0.8078067,-4.18184,-0.31525424,1.2839032,0.50766104,-4.4121532,-0.15325992,0.9741741,1.0850168,-3.9782574,0.32669014,0.8739035,0.6121547,-3.712752,0.31970808,0.6373152,0.32372117,-3.7226982,0.09533803,0.21738668
2024-03-06 17:38:53.024,0.69628644,-4.18184,-0.57414883,1.2433915,0.20881611,-4.4121532,-0.3496101,0.9716687,0.9254759,-3.9782574,0.3304333,0.86009526,0.5273612,-3.712752,0.3605474,0.5623739,0.29476136,-3.7226982,0.14303812,0.2535279
2024-03-06 17:38:54.030,0.7680038,-4.18184,-0.39410993,1.3759044,0.5900556,-4.4121532,-0.2248639,0.7452907,1.0298231,-3.9782574,0.21378084,0.73453575,0.55196863,-3.712752,0.32561377,0.49340427,0.19795468,-3.7226982,-0.100345634,0.19699156
2024-03-06 17:38:55.032,0.7308501,-4.18184,-0.31808615,1.6209587,0.8638888,-4.4121532,-0.20250322,1.3890008,1.131185,-3.9782574,0.28682497,1.2740031,0.54089594,-3.712752,0.2661417,0.4892453,0.10589021,-3.7226982,-0.030054262,0.2186779
2024-03-06 17:38:56.035,0.51202804,-4.18184,-0.3896799,1.5868074,0.7159017,-4.4121532,-0.4287848,1.0229583,1.1147765,-3.9782574,0.06230103,1.2066382,0.41246718,-3.712752,0.20276092,0.4513652,0.11802201,-3.7226982,-0.05127518,0.13756517
2024-03-06 17:38:57.036,0.58865184,-4.18184,-0.37844676,1.5807425,0.591939,-4.4121532,-0.13971978,1.0389132,0.6085911,-3.9782574,0.18911129,1.1199452,0.54934144,-3.712752,0.16785364,0.778042,0.33182284,-3.7226982,-0.024928194,0.14660217
2024-03-06 17:38:57.919,0.9005373969999997,-4.035100676000002,-0.36075565985000035,1.4232754235999996,0.8571659667999999,-4.030522477999999,-0.41148795208000005,1.1290650979999994,1.1467596044000004,-3.4574583410000024,0.13556104768,1.0965887906,0.6784053933999998,-3.466557264000001,0.25125001774,0.5235896704999999,0.3363264034000001,-3.597169050000001,0.15722690356999997,0.14285445363
2024-03-06 17:38:58.039,1.20564,-4.18184,0.17454217,1.4141698,0.7872955,-4.4121532,-0.025367213,1.158636,1.1455827,-3.9782574,0.30868182,1.1199452,0.58639455,-3.712752,0.23524551,0.87852514,0.17387515,-3.7226982,-0.23506537,0.19326986
2024-03-06 17:38:59.041,1.6497761,-4.18184,0.35215777,1.4141698,1.3900208,-4.4121532,0.20591925,1.158636,1.3727039,-3.9782574,0.5835908,1.1199452,0.6205916,-3.712752,0.2620775,0.87852514,0.12777416,-3.7226982,-0.13612553,0.19326986
2024-03-06 17:39:00.045,1.7364731,-4.18184,0.15989845,1.4141698,1.5128134,-4.4121532,0.13843408,1.158636,1.2885023,-3.9782574,0.59253967,1.1199452,0.6809244,-3.712752,0.25884894,0.87852514,0.2466133,-3.7226982,0.020568602,0.19326986
2024-03-06 17:39:01.046,1.7364731,-4.18184,0.10741288,1.4141698,1.5128134,-4.4121532,-0.21084237,1.158636,1.2885023,-3.9782574,0.3346372,1.1199452,0.6809244,-3.712752,0.25801957,0.87852514,0.2466133,-3.7226982,0.13604999,0.19326986
2024-03-06 17:39:02.047,0.8399106,-4.18184,-0.13846438,1.4141698,0.8203521,-4.4121532,-0.3681739,1.158636,1.2470746,-3.9782574,0.20179358,1.1199452,0.4341722,-3.712752,0.22831988,0.87852514,0.2429911,-3.7226982,-0.008099552,0.19326986
2024-03-06 17:39:03.049,0.8596234,-4.18184,-0.24058746,1.4141698,0.7643386,-4.4121532,-0.45838287,1.158636,1.2490001,-3.9782574,-0.010296325,1.1199452,0.38970146,-3.712752,-0.0020727818,0.87852514,0.2564993,-3.7226982,-0.11130501,0.19326986
2024-03-06 17:39:03.727,0.9005373969999997,-4.035100676000002,-0.36075565985000035,1.4232754235999996,0.8571659667999999,-4.030522477999999,-0.41148795208000005,1.1290650979999994,1.1467596044000004,-3.4574583410000024,0.13556104768,1.0965887906,0.6784053933999998,-3.466557264000001,0.25125001774,0.5235896704999999,0.3363264034000001,-3.597169050000001,0.15722690356999997,0.14285445363
2024-03-06 17:39:04.050,1.3755658,-4.18184,-0.29563946,1.4141698,0.5986662,-4.4121532,-0.53126085,1.158636,0.77317446,-3.9782574,0.17181447,1.1199452,0.57790595,-3.712752,0.1381087,0.87852514,0.19400875,-3.7226982,-0.062898524,0.19326986
2024-03-06 17:39:05.050,1.3755658,-4.18184,0.15172789,1.4141698,0.5986662,-4.4121532,-0.16336073,1.158636,0.77317446,-3.9782574,0.28198004,1.1199452,0.57790595,-3.712752,0.2837142,0.87852514,0.19400875,-3.7226982,0.04654971,0.19326986
2024-03-06 17:39:06.058,1.3755658,-4.18184,-0.22746974,1.4141698,0.5986662,-4.4121532,-0.4367754,1.158636,0.77317446,-3.9782574,0.25423542,1.1199452,0.57790595,-3.712752,0.12966621,0.87852514,0.19400875,-3.7226982,0.06051443,0.19326986
2024-03-06 17:39:07.059,1.3755658,-4.18184,-0.17013048,1.314315,0.5986662,-4.4121532,-0.08947965,1.3060551,0.77317446,-3.9782574,0.1984068,1.0973508,0.57790595,-3.712752,0.1384816,1.1036451,0.19400875,-3.7226982,0.21994771,0.8761363
2024-03-06 17:39:08.061,1.3755658,-4.18184,-0.37031922,1.3104445,0.5986662,-4.4121532,-0.294509,1.341287,0.77317446,-3.9782574,0.12785754,1.0560964,0.57790595,-3.712752,0.14047623,1.0870596,0.19400875,-3.7226982,0.095169984,0.85973155
2024-03-06 17:39:09.062,1.3755658,-4.18184,-0.51722956,1.3104445,0.5986662,-4.4121532,-0.4316891,1.341287,0.77317446,-3.9782574,0.33955434,1.0560964,0.57790595,-3.712752,0.23050612,1.0870596,0.19400875,-3.7226982,0.027552806,0.85973155
2024-03-06 17:39:10.065,1.3213053,-4.18184,-0.20549574,1.0999472,0.73876476,-4.4121532,-0.2461386,0.8574198,0.83557886,-3.9782574,0.309096,0.78765565,0.49842694,-3.712752,0.20382531,1.0152373,0.24808754,-3.7226982,0.045067403,0.9354578
2024-03-06 17:39:10.618,0.9005373969999997,-4.035100676000002,-0.36075565985000035,1.4232754235999996,0.8571659667999999,-4.030522477999999,-0.41148795208000005,1.1290650979999994,1.1467596044000004,-3.4574583410000024,0.13556104768,1.0965887906,0.6784053933999998,-3.466557264000001,0.25125001774,0.5235896704999999,0.3363264034000001,-3.597169050000001,0.15722690356999997,0.14285445363
2024-03-06 17:39:11.066,1.1367986,-4.18184,0.29505834,1.1603653,0.4892028,-4.4121532,0.05147097,0.81835806,0.7349267,-3.9782574,-0.031803794,0.7874328,0.45890456,-3.712752,0.32436928,1.0178236,0.25928387,-3.7226982,0.14371593,0.9599317
2024-03-06 17:39:12.067,0.93859553,-4.18184,0.38739043,1.1603653,0.7451442,-4.4121532,0.111711636,0.81835806,0.8628278,-3.9782574,-0.06725931,0.7874328,0.8944099,-3.712752,0.24723056,1.0178236,0.7467246,-3.7226982,0.045625027,0.9599317
2024-03-06 17:39:13.068,0.9642197,-4.18184,0.40983793,1.1603653,1.0192635,-4.4121532,-0.1816876,0.81835806,1.0783349,-3.9782574,0.11903294,0.7874328,1.0090989,-3.712752,0.26544067,1.0178236,0.63453066,-3.7226982,0.019722769,0.9599317
2024-03-06 17:39:14.070,1.4613613,-4.18184,0.085803054,1.1603653,0.9105903,-4.4121532,-0.09823419,0.81835806,0.99759156,-3.9782574,0.097649015,0.7874328,0.66517055,-3.712752,0.38026413,1.0178236,0.23935942,-3.7226982,0.36661652,0.9599317
2024-03-06 17:39:15.070,1.2754581,-4.18184,-0.052063406,1.1603653,0.804498,-4.4121532,-0.5227455,0.81835806,0.7061395,-3.9782574,-0.09179416,0.7874328,0.444251,-3.712752,0.29368284,1.0178236,0.19016024,-3.7226982,0.21182545,0.9599317
2024-03-06 17:39:16.071,1.0855974,-4.18184,-0.27865788,1.1603653,0.68362415,-4.4121532,-0.5788896,0.81835806,1.0674318,-3.9782574,-0.0030377158,0.7874328,0.49863985,-3.712752,0.22679089,1.0178236,0.15850993,-3.7226982,-0.0034846151,0.9599317
2024-03-06 17:39:17.073,0.7360614,-4.18184,-0.26620054,1.1603653,0.4047416,-4.4121532,-0.41916552,0.81835806,0.8996967,-3.9782574,0.04463146,0.7874328,0.5799268,-3.712752,0.1418557,1.0178236,0.058239136,-3.7226982,0.075956985,0.9599317
2024-03-06 17:39:18.073,1.0373418,-4.18184,-0.06126413,1.5167086,0.54734,-4.4121532,-0.30488807,1.1067207,0.39194676,-3.9782574,0.033640005,1.3899597,0.58269143,-3.712752,0.21734263,0.7167516,0.23606034,-3.7226982,0.23089059,0.82394093
2024-03-06 17:39:19.075,1.1202912,-4.18184,-0.30179974,1.7151155,0.75102603,-4.4121532,-0.391565,1.1363527,0.3013688,-3.9782574,0.049620744,1.3996885,0.5443579,-3.712752,0.27881914,0.79973626,0.23885675,-3.7226982,0.20595367,0.7421759
2024-03-06 17:39:20.076,1.0654557,-4.18184,-0.2892719,1.8249941,0.85855824,-4.4121532,-0.459449,1.1114364,0.98008275,-3.9782574,0.17768788,1.0948442,0.6915068,-3.712752,0.24210685,0.8842607,0.3049388,-3.7226982,-0.03173931,0.5731612
2024-03-06 17:39:21.077,0.81519043,-4.18184,-0.21290277,1.8249941,0.8115906,-4.4121532,-0.21547048,1.1114364,0.98100483,-3.9782574,0.2390659,1.0948442,0.82960844,-3.712752,0.25439888,0.8842607,0.5102371,-3.7226982,0.08920075,0.5731612
2024-03-06 17:39:22.078,0.22804442,-4.18184,-0.3333293,1.8249941,0.48368585,-4.4121532,-0.5416134,1.1114364,0.74227035,-3.9782574,0.08111989,1.0948442,0.3903888,-3.712752,0.23403487,0.8842607,0.3622136,-3.7226982,0.18246482,0.5731612
2024-03-06 17:39:23.079,0.6524209,-4.18184,-0.3621489,1.8249941,0.4604107,-4.4121532,-0.65979594,1.1114364,0.6489203,-3.9782574,-0.22563417,1.0948442,0.50785387,-3.712752,0.32285085,0.8842607,0.28359723,-3.7226982,0.23358817,0.5731612
2024-03-06 17:39:24.080,1.3720227,-4.18184,-0.23672609,1.8249941,0.62440544,-4.4121532,-0.36677644,1.1114364,1.0605568,-3.9782574,-0.011746117,1.0948442,0.6935843,-3.712752,0.19352221,0.8842607,0.20889002,-3.7226982,0.19307455,0.5731612
2024-03-06 17:39:25.080,1.234405,-4.18184,-0.3458355,1.8249941,0.66469425,-4.4121532,-0.5173743,1.1114364,1.1632288,-3.9782574,-0.13881668,1.0948442,0.6407301,-3.712752,0.16788091,0.8842607,0.27387822,-3.7226982,0.17584302,0.5731612
2024-03-06 17:39:26.082,1.1609743,-4.18184,-0.15860786,1.8249941,1.0042077,-4.4121532,-0.3354877,1.1114364,0.77149004,-3.9782574,-0.003982677,1.0948442,0.38909996,-3.712752,0.28812742,0.8842607,0.22434074,-3.7226982,0.13652718,0.5731612
2024-03-06 17:39:27.083,1.4076709,-4.18184,0.6048129,1.8249941,1.2175901,-4.4121532,0.17716275,1.1114364,0.7569428,-3.9782574,0.16157305,1.0948442,0.4500947,-3.712752,0.32521307,0.8842607,0.17424105,-3.7226982,0.1726659,0.5731612
2024-03-06 17:39:27.847,0.9005373969999997,-4.035100676000002,-0.36075565985000035,1.4232754235999996,0.8571659667999999,-4.030522477999999,-0.41148795208000005,1.1290650979999994,1.1467596044000004,-3.4574583410000024,0.13556104768,1.0965887906,0.6784053933999998,-3.466557264000001,0.25125001774,0.5235896704999999,0.3363264034000001,-3.597169050000001,0.15722690356999997,0.14285445363
2024-03-06 17:39:28.087,1.4076709,-4.18184,0.4158775,1.8249941,1.2175901,-4.4121532,0.05268789,1.1114364,0.7569428,-3.9782574,0.15430048,1.0948442,0.4500947,-3.712752,0.23009482,0.8842607,0.17424105,-3.7226982,-0.11182711,0.5731612
2024-03-06 17:39:29.089,0.73598486,-4.18184,-0.05385093,1.8249941,0.84269935,-4.4121532,0.09684455,1.1114364,1.141942,-3.9782574,0.16716471,1.0948442,0.63829374,-3.712752,0.25192913,0.8842607,0.45755842,-3.7226982,0.063618444,0.5731612
2024-03-06 17:39:30.091,0.940381,-4.18184,-0.10097336,1.589512,0.9592803,-4.4121532,0.107444525,1.273845,1.2497562,-3.9782574,0.34405768,1.0210103,0.6964639,-3.712752,0.38845867,0.7511354,0.25694326,-3.7226982,0.17103028,0.3095446
2024-03-06 17:39:31.093,0.8477168,-4.18184,0.025521286,1.5024263,0.7959569,-4.4121532,0.12607798,1.1245146,1.0790484,-3.9782574,0.35090268,0.81370574,0.5950486,-3.712752,0.361036,0.71765083,0.0747353,-3.7226982,0.32307455,0.25349662
2024-03-06 17:39:32.094,0.70215255,-4.18184,0.080390304,1.7737045,0.77579576,-4.4121532,0.020214176,1.3092363,0.8679657,-3.9782574,0.5068635,1.0031509,0.4542385,-3.712752,0.52140284,0.6468181,0.24218252,-3.7226982,0.3828932,0.28157032
2024-03-06 17:39:33.095,0.83265424,-4.18184,-0.322034,1.8567194,0.7110944,-4.4121532,-0.029962834,1.298407,0.7498813,-3.9782574,0.39484406,1.1426954,0.40883514,-3.712752,0.54970604,0.6942298,0.2842932,-3.7226982,0.3299262,0.32217568
2024-03-06 17:39:34.096,0.45368904,-4.18184,-0.3281253,1.8485129,0.5088195,-4.4121532,-0.2872319,1.2357283,0.9841258,-3.9782574,0.42531893,1.2353451,0.50645834,-3.712752,0.452629,0.7333686,0.19557275,-3.7226982,0.42166564,0.34187433
2024-03-06 17:39:35.096,0.3439989,-4.18184,-0.122855194,1.3970083,0.6131047,-4.4121532,-0.24652375,1.2863013,1.020284,-3.9782574,0.4099317,0.91040367,0.5785547,-3.712752,0.46737087,0.5646142,0.36814076,-3.7226982,0.44241196,0.41486546
2024-03-06 17:39:35.402,0.9005373969999997,-4.035100676000002,-0.36075565985000035,1.4232754235999996,0.8571659667999999,-4.030522477999999,-0.41148795208000005,1.1290650979999994,1.1467596044000004,-3.4574583410000024,0.13556104768,1.0965887906,0.6784053933999998,-3.466557264000001,0.25125001774,0.5235896704999999,0.3363264034000001,-3.597169050000001,0.15722690356999997,0.14285445363
2024-03-06 17:39:35.677,0.9005373969999997,-4.035100676000002,-0.36075565985000035,1.4232754235999996,0.8571659667999999,-4.030522477999999,-0.41148795208000005,1.1290650979999994,1.1467596044000004,-3.4574583410000024,0.13556104768,1.0965887906,0.6784053933999998,-3.466557264000001,0.25125001774,0.5235896704999999,0.3363264034000001,-3.597169050000001,0.15722690356999997,0.14285445363
2024-03-06 17:39:36.101,-0.099110186,-4.18184,0.29507867,1.7314655,0.62811923,-4.4121532,0.26548338,1.5057338,0.87882257,-3.9782574,0.49047703,1.0802455,0.583333,-3.712752,0.30720374,0.38419244,0.55279905,-3.7226982,0.3300476,0.4935819
2024-03-06 17:39:37.102,-0.14881964,-4.18184,0.40188986,1.6701281,0.62782353,-4.4121532,0.32647482,1.3530216,0.858859,-3.9782574,0.4669813,1.0330315,0.5579326,-3.712752,0.4796098,0.58309823,0.57263696,-3.7226982,0.4881933,0.3888858
2024-03-06 17:39:38.104,0.86415076,-4.18184,-0.38103992,1.4770727,0.5536009,-4.4121532,-0.6129644,1.2874392,0.64632636,-3.9782574,-0.0063701426,0.4843927,0.54427415,-3.712752,0.5926437,0.6166355,0.45423797,-3.7226982,0.46312454,0.5696885
2024-03-06 17:39:39.104,0.33416522,-4.18184,-0.39010346,1.5843382,0.26597944,-4.4121532,-0.60453516,1.2221526,0.5869423,-3.9782574,0.24995361,0.6195706,0.59017134,-3.712752,0.5418255,0.5757765,0.30901796,-3.7226982,0.40314895,0.31235126
2024-03-06 17:39:40.107,0.3924107,-4.18184,-0.33456025,1.5087538,0.45646682,-4.4121532,-0.48973683,1.2010307,0.8847757,-3.9782574,0.3413943,0.7946821,0.427316,-3.712752,0.43983424,0.44422403,0.17134194,-3.7226982,0.30243644,0.2714722
2024-03-06 17:39:41.110,0.39106634,-4.18184,-0.26296458,1.325997,0.52264297,-4.4121532,-0.2926829,1.0098518,1.0278637,-3.9782574,0.30104625,1.1772584,0.53810793,-3.712752,0.25469145,0.6412199,0.3792463,-3.7226982,0.35278696,0.3357194
2024-03-06 17:39:42.118,0.20300387,-4.18184,-0.1215955,1.5783111,0.41323417,-4.4121532,-0.24421728,1.11492,0.9965976,-3.9782574,0.3538711,1.1131594,0.4542573,-3.712752,0.36262375,0.55078703,0.22774288,-3.7226982,0.4716875,0.19300552
2024-03-06 17:39:43.118,1.1042705,-4.18184,-0.113607615,1.6406085,0.78079003,-4.4121532,-0.6088854,1.1083152,1.2241688,-3.9782574,0.1413283,0.51827824,0.49097347,-3.712752,0.49793556,0.5078298,0.2884297,-3.7226982,0.3897859,0.10614305
2024-03-06 17:39:44.120,1.0788915,-4.18184,-0.2935836,1.3890662,0.7300993,-4.4121532,-0.40622795,1.2242968,1.1718203,-3.9782574,-0.03053975,0.7578609,0.44166675,-3.712752,0.49252045,0.43748838,0.17586623,-3.7226982,0.42104328,0.29702878
2024-03-06 17:39:44.309,0.9005373969999997,-4.035100676000002,-0.36075565985000035,1.4232754235999996,0.8571659667999999,-4.030522477999999,-0.41148795208000005,1.1290650979999994,1.1467596044000004,-3.4574583410000024,0.13556104768,1.0965887906,0.6784053933999998,-3.466557264000001,0.25125001774,0.5235896704999999,0.3363264034000001,-3.597169050000001,0.15722690356999997,0.14285445363
2024-03-06 17:39:45.122,0.8841153,-4.18184,0.41571313,1.404444,0.6297623,-4.4121532,-0.12929067,1.1147785,0.52010787,-3.9782574,-0.0031143436,0.66129535,0.30293182,-3.712752,0.61412054,0.3713677,0.09752359,-3.7226982,0.3936162,0.2928479
2024-03-06 17:39:46.123,0.6670858,-4.18184,0.41745126,1.432226,0.54864305,-4.4121532,-0.17068155,1.335411,0.9448054,-3.9782574,0.054996505,1.005013,0.5284951,-3.712752,0.6485278,0.8357254,0.19649562,-3.7226982,0.59929985,0.292319
2024-03-06 17:39:47.126,1.2687808,-4.18184,-0.4618554,1.4625049,0.98602164,-4.4121532,-0.47858262,1.2796485,1.3408982,-3.9782574,0.21365976,1.166834,0.6025308,-3.712752,0.6673219,0.82197785,0.17806187,-3.7226982,0.45464668,0.29874745
2024-03-06 17:39:48.128,1.4400742,-4.18184,0.18680637,1.5267268,1.0220555,-4.4121532,-0.117160484,1.177134,1.3193629,-3.9782574,0.60549986,1.0434251,0.60559523,-3.712752,0.6497127,0.80886257,0.06380178,-3.7226982,0.39370477,0.32380447
2024-03-06 17:39:48.716,0.9005373969999997,-4.035100676000002,-0.36075565985000035,1.4232754235999996,0.8571659667999999,-4.030522477999999,-0.41148795208000005,1.1290650979999994,1.1467596044000004,-3.4574583410000024,0.13556104768,1.0965887906,0.6784053933999998,-3.466557264000001,0.25125001774,0.5235896704999999,0.3363264034000001,-3.597169050000001,0.15722690356999997,0.14285445363
2024-03-06 17:39:48.805,0.9005373969999997,-4.035100676000002,-0.36075565985000035,1.4232754235999996,0.8571659667999999,-4.030522477999999,-0.41148795208000005,1.1290650979999994,1.1467596044000004,-3.4574583410000024,0.13556104768,1.0965887906,0.6784053933999998,-3.466557264000001,0.25125001774,0.5235896704999999,0.3363264034000001,-3.597169050000001,0.15722690356999997,0.14285445363
2024-03-06 17:39:49.095,0.9005373969999997,-4.035100676000002,-0.36075565985000035,1.4232754235999996,0.8571659667999999,-4.030522477999999,-0.41148795208000005,1.1290650979999994,1.1467596044000004,-3.4574583410000024,0.13556104768,1.0965887906,0.6784053933999998,-3.466557264000001,0.25125001774,0.5235896704999999,0.3363264034000001,-3.597169050000001,0.15722690356999997,0.14285445363
2024-03-06 17:39:49.129,0.8434866,-4.18184,0.3099128,1.5267268,0.2857032,-4.4121532,0.33874795,1.177134,0.66542774,-3.9782574,0.61384267,1.0434251,0.65298563,-3.712752,0.49708906,0.80886257,-0.04256801,-3.7226982,0.68136454,0.32380447
2024-03-06 17:39:50.021,0.9005373969999997,-4.035100676000002,-0.36075565985000035,1.4232754235999996,0.8571659667999999,-4.030522477999999,-0.41148795208000005,1.1290650979999994,1.1467596044000004,-3.4574583410000024,0.13556104768,1.0965887906,0.6784053933999998,-3.466557264000001,0.25125001774,0.5235896704999999,0.3363264034000001,-3.597169050000001,0.15722690356999997,0.14285445363
2024-03-06 17:39:50.129,0.8434866,0.21494997,0.17804226,1.5267268,0.2857032,0.21494997,0.24973014,1.177134,0.66542774,0.21494997,0.5732221,1.0434251,0.65298563,0.21494997,0.4216254,0.80886257,-0.04256801,0.21494997,0.78317654,0.32380447
2024-03-06 17:39:50.738,0.9005373969999997,-4.035100676000002,-0.36075565985000035,1.4232754235999996,0.8571659667999999,-4.030522477999999,-0.41148795208000005,1.1290650979999994,1.1467596044000004,-3.4574583410000024,0.13556104768,1.0965887906,0.6784053933999998,-3.466557264000001,0.25125001774,0.5235896704999999,0.3363264034000001,-3.597169050000001,0.15722690356999997,0.14285445363
2024-03-06 17:39:50.829,0.9005373969999997,-4.035100676000002,-0.36075565985000035,1.4232754235999996,0.8571659667999999,-4.030522477999999,-0.41148795208000005,1.1290650979999994,1.1467596044000004,-3.4574583410000024,0.13556104768,1.0965887906,0.6784053933999998,-3.466557264000001,0.25125001774,0.5235896704999999,0.3363264034000001,-3.597169050000001,0.15722690356999997,0.14285445363
2024-03-06 17:39:51.131,0.8434866,0.21494997,0.21108127,1.5267268,0.2857032,0.21494997,-0.23082478,1.177134,0.66542774,0.21494997,0.24331594,1.0434251,0.65298563,0.21494997,0.57682085,0.80886257,-0.04256801,0.21494997,0.75747484,0.32380447
2024-03-06 17:39:51.141,0.9005373969999997,-4.035100676000002,-0.36075565985000035,1.4232754235999996,0.8571659667999999,-4.030522477999999,-0.41148795208000005,1.1290650979999994,1.1467596044000004,-3.4574583410000024,0.13556104768,1.0965887906,0.6784053933999998,-3.466557264000001,0.25125001774,0.5235896704999999,0.3363264034000001,-3.597169050000001,0.15722690356999997,0.14285445363
2024-03-06 17:39:51.541,0.9005373969999997,-4.035100676000002,-0.36075565985000035,1.4232754235999996,0.8571659667999999,-4.030522477999999,-0.41148795208000005,1.1290650979999994,1.1467596044000004,-3.4574583410000024,0.13556104768,1.0965887906,0.6784053933999998,-3.466557264000001,0.25125001774,0.5235896704999999,0.3363264034000001,-3.597169050000001,0.15722690356999997,0.14285445363
2024-03-06 17:39:51.962,0.9005373969999997,-4.035100676000002,-0.36075565985000035,1.4232754235999996,0.8571659667999999,-4.030522477999999,-0.41148795208000005,1.1290650979999994,1.1467596044000004,-3.4574583410000024,0.13556104768,1.0965887906,0.6784053933999998,-3.466557264000001,0.25125001774,0.5235896704999999,0.3363264034000001,-3.597169050000001,0.15722690356999997,0.14285445363
2024-03-06 17:39:52.132,0.8434866,0.21494997,0.21108127,1.5267268,0.2857032,0.21494997,-0.23082478,1.177134,0.66542774,0.21494997,0.24331594,1.0434251,0.65298563,0.21494997,0.57682085,0.80886257,-0.04256801,0.21494997,0.75747484,0.32380447
2024-03-06 17:39:52.150,0.9005373969999997,-4.035100676000002,-0.36075565985000035,1.4232754235999996,0.8571659667999999,-4.030522477999999,-0.41148795208000005,1.1290650979999994,1.1467596044000004,-3.4574583410000024,0.13556104768,1.0965887906,0.6784053933999998,-3.466557264000001,0.25125001774,0.5235896704999999,0.3363264034000001,-3.597169050000001,0.15722690356999997,0.14285445363
2024-03-06 17:39:52.657,0.9005373969999997,-4.035100676000002,-0.36075565985000035,1.4232754235999996,0.8571659667999999,-4.030522477999999,-0.41148795208000005,1.1290650979999994,1.1467596044000004,-3.4574583410000024,0.13556104768,1.0965887906,0.6784053933999998,-3.466557264000001,0.25125001774,0.5235896704999999,0.3363264034000001,-3.597169050000001,0.15722690356999997,0.14285445363
2024-03-06 17:39:52.657,0.9005373969999997,-4.035100676000002,-0.36075565985000035,1.4232754235999996,0.8571659667999999,-4.030522477999999,-0.41148795208000005,1.1290650979999994,1.1467596044000004,-3.4574583410000024,0.13556104768,1.0965887906,0.6784053933999998,-3.466557264000001,0.25125001774,0.5235896704999999,0.3363264034000001,-3.597169050000001,0.15722690356999997,0.14285445363
2024-03-06 17:39:53.079,0.9005373969999997,-4.035100676000002,-0.36075565985000035,1.4232754235999996,0.8571659667999999,-4.030522477999999,-0.41148795208000005,1.1290650979999994,1.1467596044000004,-3.4574583410000024,0.13556104768,1.0965887906,0.6784053933999998,-3.466557264000001,0.25125001774,0.5235896704999999,0.3363264034000001,-3.597169050000001,0.15722690356999997,0.14285445363
2024-03-06 17:39:53.133,0.8434866,0.21494997,0.21108127,1.5267268,0.2857032,0.21494997,-0.23082478,1.177134,0.66542774,0.21494997,0.24331594,1.0434251,0.65298563,0.21494997,0.57682085,0.80886257,-0.04256801,0.21494997,0.75747484,0.32380447
2024-03-06 17:39:53.447,0.9005373969999997,-4.035100676000002,-0.36075565985000035,1.4232754235999996,0.8571659667999999,-4.030522477999999,-0.41148795208000005,1.1290650979999994,1.1467596044000004,-3.4574583410000024,0.13556104768,1.0965887906,0.6784053933999998,-3.466557264000001,0.25125001774,0.5235896704999999,0.3363264034000001,-3.597169050000001,0.15722690356999997,0.14285445363
2024-03-06 17:39:54.134,0.8434866,0.21494997,0.21108127,1.5267268,0.2857032,0.21494997,-0.23082478,1.177134,0.66542774,0.21494997,0.24331594,1.0434251,0.65298563,0.21494997,0.57682085,0.80886257,-0.04256801,0.21494997,0.75747484,0.32380447
2024-03-06 17:39:54.194,0.9005373969999997,-4.035100676000002,-0.36075565985000035,1.4232754235999996,0.8571659667999999,-4.030522477999999,-0.41148795208000005,1.1290650979999994,1.1467596044000004,-3.4574583410000024,0.13556104768,1.0965887906,0.6784053933999998,-3.466557264000001,0.25125001774,0.5235896704999999,0.3363264034000001,-3.597169050000001,0.15722690356999997,0.14285445363
2024-03-06 17:39:54.578,0.9005373969999997,-4.035100676000002,-0.36075565985000035,1.4232754235999996,0.8571659667999999,-4.030522477999999,-0.41148795208000005,1.1290650979999994,1.1467596044000004,-3.4574583410000024,0.13556104768,1.0965887906,0.6784053933999998,-3.466557264000001,0.25125001774,0.5235896704999999,0.3363264034000001,-3.597169050000001,0.15722690356999997,0.14285445363
2024-03-06 17:39:54.819,0.9005373969999997,-4.035100676000002,-0.36075565985000035,1.4232754235999996,0.8571659667999999,-4.030522477999999,-0.41148795208000005,1.1290650979999994,1.1467596044000004,-3.4574583410000024,0.13556104768,1.0965887906,0.6784053933999998,-3.466557264000001,0.25125001774,0.5235896704999999,0.3363264034000001,-3.597169050000001,0.15722690356999997,0.14285445363
2024-03-06 17:39:55.134,0.8434866,0.21494997,0.5031778,1.5267268,0.2857032,0.21494997,-0.097979754,1.177134,0.66542774,0.21494997,0.6814167,1.0434251,0.65298563,0.21494997,0.19617985,0.80886257,-0.04256801,0.21494997,-0.21347146,0.32380447
2024-03-06 17:39:55.178,0.9005373969999997,-4.035100676000002,-0.36075565985000035,1.4232754235999996,0.8571659667999999,-4.030522477999999,-0.41148795208000005,1.1290650979999994,1.1467596044000004,-3.4574583410000024,0.13556104768,1.0965887906,0.6784053933999998,-3.466557264000001,0.25125001774,0.5235896704999999,0.3363264034000001,-3.597169050000001,0.15722690356999997,0.14285445363
2024-03-06 17:39:55.421,0.9005373969999997,-4.035100676000002,-0.36075565985000035,1.4232754235999996,0.8571659667999999,-4.030522477999999,-0.41148795208000005,1.1290650979999994,1.1467596044000004,-3.4574583410000024,0.13556104768,1.0965887906,0.6784053933999998,-3.466557264000001,0.25125001774,0.5235896704999999,0.3363264034000001,-3.597169050000001,0.15722690356999997,0.14285445363
2024-03-06 17:39:55.696,0.9005373969999997,-4.035100676000002,-0.36075565985000035,1.4232754235999996,0.8571659667999999,-4.030522477999999,-0.41148795208000005,1.1290650979999994,1.1467596044000004,-3.4574583410000024,0.13556104768,1.0965887906,0.6784053933999998,-3.466557264000001,0.25125001774,0.5235896704999999,0.3363264034000001,-3.597169050000001,0.15722690356999997,0.14285445363
2024-03-06 17:39:55.894,0.9005373969999997,-4.035100676000002,-0.36075565985000035,1.4232754235999996,0.8571659667999999,-4.030522477999999,-0.41148795208000005,1.1290650979999994,1.1467596044000004,-3.4574583410000024,0.13556104768,1.0965887906,0.6784053933999998,-3.466557264000001,0.25125001774,0.5235896704999999,0.3363264034000001,-3.597169050000001,0.15722690356999997,0.14285445363
2024-03-06 17:39:56.135,0.8434866,0.21494997,0.17775044,1.5267268,0.2857032,0.21494997,-0.4184488,1.177134,0.66542774,0.21494997,0.46367955,1.0434251,0.65298563,0.21494997,0.25656396,0.80886257,-0.04256801,0.21494997,-0.02572772,0.32380447
2024-03-06 17:39:56.642,0.9005373969999997,-4.035100676000002,-0.36075565985000035,1.4232754235999996,0.8571659667999999,-4.030522477999999,-0.41148795208000005,1.1290650979999994,1.1467596044000004,-3.4574583410000024,0.13556104768,1.0965887906,0.6784053933999998,-3.466557264000001,0.25125001774,0.5235896704999999,0.3363264034000001,-3.597169050000001,0.15722690356999997,0.14285445363
2024-03-06 17:39:57.135,0.8434866,-4.352141,0.29476157,1.5267268,0.2857032,-4.165458,-0.39754745,1.177134,0.66542774,-3.4669862,0.2567978,1.0434251,0.65298563,-3.626629,0.26111323,0.80886257,-0.04256801,-3.7514865,0.21271782,0.32380447
2024-03-06 17:39:58.135,1.1831211,-3.9355054,-0.11212179,1.5267268,1.0414476,-3.7919505,-0.29975244,1.177134,1.2300249,-3.0912197,0.2724378,1.0434251,0.87267125,-3.417389,0.41119674,0.80886257,0.5520438,-3.2967775,0.1740997,0.32380447
2024-03-06 17:39:58.326,0.9005373969999997,-4.035100676000002,-0.36075565985000035,1.4232754235999996,0.8571659667999999,-4.030522477999999,-0.41148795208000005,1.1290650979999994,1.1467596044000004,-3.4574583410000024,0.13556104768,1.0965887906,0.6784053933999998,-3.466557264000001,0.25125001774,0.5235896704999999,0.3363264034000001,-3.597169050000001,0.15722690356999997,0.14285445363
2024-03-06 17:39:59.137,1.054238,-3.9181986,0.52699894,1.5267268,0.96766585,-3.9780178,0.02365829,1.177134,1.1162919,-3.11006,0.37546322,1.0434251,0.76101226,-3.2369592,0.36450595,0.80886257,0.5325078,-3.2114313,0.18154125,0.32380447
2024-03-06 17:39:59.783,0.9005373969999997,-4.035100676000002,-0.36075565985000035,1.4232754235999996,0.8571659667999999,-4.030522477999999,-0.41148795208000005,1.1290650979999994,1.1467596044000004,-3.4574583410000024,0.13556104768,1.0965887906,0.6784053933999998,-3.466557264000001,0.25125001774,0.5235896704999999,0.3363264034000001,-3.597169050000001,0.15722690356999997,0.14285445363
2024-03-06 17:40:00.138,0.955357,-3.8100371,0.38204467,1.5267268,0.94857615,-3.9884923,-0.17397593,1.177134,1.1147517,-3.371229,0.34583673,1.0434251,0.78022474,-3.277105,0.32783833,0.80886257,0.54701936,-3.4688241,0.1867347,0.32380447
2024-03-06 17:40:01.139,0.955357,-3.6451151,-0.5011368,1.5267268,0.94857615,-3.677816,-0.4583252,1.177134,1.1147517,-3.1729836,0.16556385,1.0434251,0.78022474,-3.1269696,0.24066335,0.80886257,0.54701936,-3.2457895,0.074543856,0.32380447
2024-03-06 17:40:02.141,0.955357,-3.8982608,-0.663776,1.6227797,0.94857615,-3.8627546,-0.22623323,1.3796498,1.1147517,-3.208369,0.29967153,1.574588,0.78022474,-3.2023375,0.23760714,0.61784977,0.54701936,-3.2745614,0.20426576,0.22403055
2024-03-06 17:40:03.143,0.79362136,-3.9778063,-0.57431436,1.7635142,1.4271343,-3.907536,-0.10551927,1.8743279,1.318642,-3.3503785,0.4167401,1.6364402,0.81643,-3.3890631,0.37733442,0.58882517,0.41636834,-3.332566,0.27627662,0.23477663
2024-03-06 17:40:04.144,0.6600148,-4.0187216,-0.67081934,1.378525,1.0812055,-3.97358,-0.2979154,1.02976,1.3476974,-3.4029975,0.3765419,0.9675159,0.7777085,-3.2903264,0.41861463,0.4612943,0.3209606,-3.437896,0.20593083,0.07592583
2024-03-06 17:40:05.144,0.8586079,-4.2838697,-0.46576422,1.052191,1.1209879,-3.9711552,-0.5822753,1.1499314,1.5421178,-3.4357831,0.17790273,1.2369103,0.657116,-3.4187512,0.27916634,0.45174006,0.32500508,-3.708008,0.27263764,0.06536758
2024-03-06 17:40:06.148,0.728207,-4.3313074,-0.45752507,1.0865139,1.041961,-4.1504374,-0.3390292,1.0352432,1.5639337,-3.5748267,0.18382058,1.2141258,0.6123022,-3.6148252,0.34064004,0.45845592,0.41170096,-3.9113028,0.23387854,0.191577
2024-03-06 17:40:07.149,0.998618,-4.0453987,-0.27180743,1.3328727,1.0335865,-4.214509,-0.2315951,1.2406614,1.0071,-3.6121974,0.20842351,0.85808146,0.6658048,-3.3919687,0.32063395,0.579257,0.49459252,-3.6342072,0.19485365,0.35828206
2024-03-06 17:40:08.151,1.22462,-3.937542,-0.42207652,1.3328727,1.0005257,-4.1121855,-0.21489826,1.2406614,1.0304332,-3.5266185,0.12798923,0.85808146,0.58476305,-3.4160168,0.21513137,0.579257,0.4802497,-3.5547118,0.2643112,0.35828206
2024-03-06 17:40:09.152,0.8366396,-3.9982848,-0.16939873,1.273377,0.8117659,-3.8289127,-0.21852683,0.9962843,1.0114836,-3.482772,0.13815555,1.0504872,0.56219655,-3.6736186,0.33473772,0.44554362,0.42533726,-3.5334494,0.33398193,0.07107659
2024-03-06 17:40:10.153,0.9913586,-3.4819033,-0.15663406,0.94617546,0.77360207,-3.7099478,-0.32104278,1.0535822,1.0032691,-3.3956225,0.2547298,1.0279216,0.6231652,-3.2231023,0.38820037,0.5063486,0.48882955,-3.373685,0.19832878,0.11931617
2024-03-06 17:40:11.154,0.98416406,-3.4819033,-0.087365374,0.823775,0.7485024,-3.7099478,-0.14699301,0.9635474,1.1142915,-3.3956225,0.228722,0.91928184,0.7570802,-3.2231023,0.3348102,0.5013384,0.39306486,-3.373685,0.24538977,0.18436818
2024-03-06 17:40:12.156,0.46766433,-3.4819033,-0.07526105,0.7951133,0.5986687,-3.7099478,-0.117688805,0.9370443,0.96803516,-3.3956225,-0.07332511,0.81033826,0.7018689,-3.2231023,0.33176717,0.47880408,0.43005562,-3.373685,0.28902727,0.23326093
2024-03-06 17:40:13.156,0.3952339,-3.4819033,-0.3730992,1.0415269,0.7351853,-3.7099478,-0.34629908,0.90144736,1.0556382,-3.3956225,-0.01818877,0.8453192,0.76491266,-3.2231023,0.3321036,0.63031775,0.50765204,-3.373685,0.33256647,0.33127
2024-03-06 17:40:14.158,0.6944577,-3.4819033,-0.52425236,1.0996876,0.9248546,-3.7099478,-0.25375918,1.1184268,1.0181624,-3.3956225,0.22705282,0.7989988,0.8091874,-3.2231023,0.3480551,0.6057081,0.52976686,-3.373685,0.3279027,0.3745856
2024-03-06 17:40:15.159,0.8088292,-3.4819033,-0.123379275,1.076974,0.8986956,-3.7099478,-0.21346325,1.1883991,1.0823574,-3.3956225,0.30876318,1.1336032,0.7113772,-3.2231023,0.3570692,0.5293116,0.53077346,-3.373685,0.27330798,0.26635927
2024-03-06 17:40:16.159,0.8961695,-3.4819033,-0.37391526,1.1113122,0.6303819,-3.7099478,-0.24913102,1.128215,0.52937704,-3.3956225,0.19741079,1.0711921,0.6343575,-3.2231023,0.11238692,0.36708063,0.3361859,-3.373685,0.04804086,0.061060652
2024-03-06 17:40:16.229,0.9005373969999997,-4.035100676000002,-0.36075565985000035,1.4232754235999996,0.8571659667999999,-4.030522477999999,-0.41148795208000005,1.1290650979999994,1.1467596044000004,-3.4574583410000024,0.13556104768,1.0965887906,0.6784053933999998,-3.466557264000001,0.25125001774,0.5235896704999999,0.3363264034000001,-3.597169050000001,0.15722690356999997,0.14285445363
2024-03-06 17:40:17.161,0.76869255,-3.4819033,0.11459033,1.4897637,0.6397952,-3.7099478,-0.023758382,1.2886795,0.3350315,-3.3956225,0.13055451,0.6333103,0.62079304,-3.2231023,0.22640924,0.42308995,0.32763198,-3.373685,0.17944294,0.094323486
2024-03-06 17:40:17.441,0.9005373969999997,-4.035100676000002,-0.36075565985000035,1.4232754235999996,0.8571659667999999,-4.030522477999999,-0.41148795208000005,1.1290650979999994,1.1467596044000004,-3.4574583410000024,0.13556104768,1.0965887906,0.6784053933999998,-3.466557264000001,0.25125001774,0.5235896704999999,0.3363264034000001,-3.597169050000001,0.15722690356999997,0.14285445363
2024-03-06 17:40:18.162,0.76869255,-3.4819033,-0.15252115,1.4897637,0.6397952,-3.7099478,-0.10512982,1.2886795,0.3350315,-3.3956225,0.079025805,0.6333103,0.62079304,-3.2231023,0.26039132,0.42308995,0.32763198,-3.373685,0.16588072,0.094323486
2024-03-06 17:40:19.164,1.3534368,-3.4819033,-0.28023875,1.8192698,0.84800386,-3.7099478,-0.2357528,1.3465015,0.867034,-3.3956225,0.046886194,1.2375174,0.77454877,-3.2231023,0.18930376,0.83972466,0.28707057,-3.373685,0.01709055,0.17764673
2024-03-06 17:40:20.166,1.2754351,-3.4819033,-0.4579732,1.5123109,0.78419024,-3.7099478,-0.43521973,1.082968,0.93547046,-3.3956225,0.022653848,1.0947187,0.82064104,-3.2231023,0.33449617,0.64830077,0.31854945,-3.373685,0.10549064,0.22138667
2024-03-06 17:40:21.167,1.1740696,-3.4819033,-0.5777308,1.32417,1.0407311,-3.7099478,-0.44646847,1.0211701,0.91505605,-3.3956225,0.011553826,1.085899,0.6633404,-3.2231023,0.4470902,0.59645766,-0.04327403,-3.373685,0.18316074,0.21685019
2024-03-06 17:40:22.168,0.96444756,-3.4819033,-0.7051114,1.1814724,0.7426118,-3.7099478,-0.49027726,0.8218631,1.1973059,-3.3956225,0.047122862,0.7848692,0.59003115,-3.2231023,0.24649617,0.4851013,0.0791744,-3.373685,0.27763975,0.17214903
2024-03-06 17:40:23.170,1.2616553,-3.4819033,-0.5343634,1.4890116,1.0403384,-3.7099478,-0.43948433,1.1493765,1.3488765,-3.3956225,0.08457711,0.84819174,0.57928383,-3.2231023,0.32317615,0.59808993,0.14162658,-3.373685,0.25022018,0.12075799
2024-03-06 17:40:24.171,1.079588,-3.4819033,-0.40385774,1.345469,0.93222123,-3.7099478,-0.5420494,0.90852785,1.3568602,-3.3956225,0.016237063,1.2607528,0.7133087,-3.2231023,0.25835416,0.4494361,0.32306352,-3.373685,0.23604594,0.1332649
2024-03-06 17:40:25.171,1.0416808,-3.4819033,-0.46977013,1.5791113,0.88712394,-3.7099478,-0.44466496,0.96446836,1.3232331,-3.3956225,0.0278759,1.2923566,0.6124261,-3.2231023,0.022082677,0.38342115,0.19298881,-3.373685,0.16849038,0.06198343
2024-03-06 17:40:26.172,0.8315179,-3.4819033,-0.24794036,1.5016874,0.75512457,-3.7099478,-0.4700376,0.98405045,1.1531475,-3.3956225,0.09396576,0.9569155,0.66199005,-3.2231023,0.04872224,0.48965567,0.3445497,-3.373685,0.15996823,0.15226197
2024-03-06 17:40:27.173,0.35589576,-3.4819033,-0.11945691,1.3668523,0.9854801,-3.7099478,-0.36020407,1.1431051,0.9387804,-3.3956225,0.11378546,0.91428053,0.53204745,-3.2231023,0.30819708,0.579842,0.24617985,-3.373685,0.19180347,0.20686693
2024-03-06 17:40:28.173,0.4560505,-3.4819033,-0.14701599,1.536989,0.8807318,-3.7099478,-0.30648458,1.1862564,1.095079,-3.3956225,-0.009907397,0.96891963,0.57459915,-3.2231023,0.20577799,0.5272024,0.30000558,-3.373685,0.13948439,0.2332041
2024-03-06 17:40:29.174,0.904576,-3.4819033,-0.049303204,1.437911,1.0488064,-3.7099478,-0.08980684,1.1170381,1.1954386,-3.3956225,0.082430586,1.1705464,0.7127323,-3.2231023,0.24103989,0.5697094,0.3535023,-3.373685,0.07686004,0.061632555
2024-03-06 17:40:30.175,1.2682111,-3.4819033,0.106262244,1.3648462,1.1993965,-3.7099478,-0.038669616,1.1700743,1.0938858,-3.3956225,0.010812187,1.1767997,0.70999575,-3.2231023,0.13141565,0.34549102,0.37587577,-3.373685,0.1535689,0.12175034
2024-03-06 17:40:31.177,0.70828617,-3.4819033,-0.30594727,1.3629044,0.43753794,-3.7099478,-0.4142939,1.2097929,0.93086135,-3.3956225,0.031012366,1.1502446,0.7188656,-3.2231023,0.16518687,0.49628606,0.3571538,-3.373685,0.14580625,0.24416912
2024-03-06 17:40:32.179,0.5959965,-3.4819033,-0.10261474,1.2285435,0.57104194,-3.7099478,-0.3367739,1.0600109,0.97870314,-3.3956225,0.31772983,1.1371661,0.6085503,-3.2231023,0.2837742,0.5192931,0.43535802,-3.373685,0.1359283,0.18997605
2024-03-06 17:40:33.181,0.47264615,-3.4819033,-0.26412594,1.4088694,0.6438789,-3.7099478,-0.40678203,1.0786383,1.0240057,-3.3956225,0.101424426,1.2357515,0.5465881,-3.2231023,0.20255738,0.5472736,0.42082328,-3.373685,0.014176007,0.12689887
2024-03-06 17:40:33.665,0.9005373969999997,-4.035100676000002,-0.36075565985000035,1.4232754235999996,0.8571659667999999,-4.030522477999999,-0.41148795208000005,1.1290650979999994,1.1467596044000004,-3.4574583410000024,0.13556104768,1.0965887906,0.6784053933999998,-3.466557264000001,0.25125001774,0.5235896704999999,0.3363264034000001,-3.597169050000001,0.15722690356999997,0.14285445363
2024-03-06 17:40:34.183,1.1445906,-3.4819033,-0.29993007,1.3179972,1.0430963,-3.7099478,-0.32875562,1.3432798,1.1353173,-3.3956225,0.14464578,1.2207756,0.70151067,-3.2231023,0.32132673,0.6162836,0.58695567,-3.373685,0.15635163,0.19802238
2024-03-06 17:40:35.184,1.2357407,-3.4819033,-0.1372389,1.3819736,1.1110226,-3.7099478,-0.31718898,1.2309277,1.1359955,-3.3956225,0.15550666,1.1031859,0.7860649,-3.2231023,0.3747131,0.48775333,0.61552685,-3.373685,0.26606727,0.24155886
2024-03-06 17:40:36.185,0.44839925,-3.4819033,-0.07481406,1.2338026,0.78610873,-3.7099478,-0.11652214,0.77944976,1.1553798,-3.3956225,0.079575226,0.93687624,0.79290485,-3.2231023,0.47278273,0.65023714,0.65422535,-3.373685,0.34315157,0.47555456
2024-03-06 17:40:37.186,1.2905701,-3.4819033,-0.13351479,1.4123582,1.0949672,-3.7099478,-0.016619978,1.0443995,1.1654155,-3.3956225,0.21110642,1.2143333,0.6915898,-3.2231023,0.45151258,0.60995615,0.3347985,-3.373685,0.16779085,0.2643558
2024-03-06 17:40:38.187,1.5810571,-3.4819033,-0.27878934,1.4242566,1.2307432,-3.7099478,-0.32425836,1.2172959,1.0500586,-3.3956225,0.23949206,1.2288014,0.63473666,-3.2231023,0.41686687,0.5313281,0.03006428,-3.373685,0.064618714,0.26318914
2024-03-06 17:40:38.441,0.9005373969999997,-4.035100676000002,-0.36075565985000035,1.4232754235999996,0.8571659667999999,-4.030522477999999,-0.41148795208000005,1.1290650979999994,1.1467596044000004,-3.4574583410000024,0.13556104768,1.0965887906,0.6784053933999998,-3.466557264000001,0.25125001774,0.5235896704999999,0.3363264034000001,-3.597169050000001,0.15722690356999997,0.14285445363
2024-03-06 17:40:39.189,1.5810571,-3.4819033,0.14489803,1.5145086,1.2307432,-3.7099478,-0.12760592,1.3232887,1.0500586,-3.3956225,0.19623812,0.9496545,0.63473666,-3.2231023,0.30373776,0.5553063,0.03006428,-3.373685,0.21595034,0.34085652
2024-03-06 17:40:40.190,0.16800983,-3.4819033,0.123636134,1.2822723,0.9758363,-3.7099478,-0.17426056,1.1325616,1.3033196,-3.3956225,0.06488629,1.1391103,0.6210137,-3.2231023,0.27697304,0.5004208,0.44575405,-3.373685,0.21336122,0.03059067
2024-03-06 17:40:41.191,1.0979587,-3.4819033,0.09323525,1.4975107,1.21125,-3.7099478,-0.024218071,1.3259631,1.4055148,-3.3956225,0.103387535,1.2985754,0.7264733,-3.2231023,0.31152293,0.65370744,0.49402794,-3.373685,0.15277869,0.14055319
2024-03-06 17:40:42.192,1.6254675,-3.4819033,0.33256277,1.6613575,1.4292582,-3.7099478,0.1665577,1.2253764,1.3217427,-3.3956225,0.10189026,0.961876,0.687458,-3.2231023,0.30183184,0.60235894,0.49294266,-3.373685,0.0519639,0.03515209
2024-03-06 17:40:43.193,1.2503833,-3.4819033,-0.23364116,1.4466122,0.44324812,-3.7099478,-0.23970135,0.82719445,0.67416257,-3.3956225,0.2941376,0.67580265,0.8393973,-3.2231023,0.30998737,0.6756599,0.6005076,-3.373685,0.13795426,0.14806715
2024-03-06 17:40:44.194,0.52188283,-3.4819033,-0.11857093,1.2026726,0.41093543,-3.7099478,-0.4452844,1.0265753,0.81601596,-3.3956225,0.14794788,0.5676154,0.63752645,-3.2231023,0.33070987,0.52740914,0.59436774,-3.373685,0.1368144,0.17205994
2024-03-06 17:40:45.195,0.29268748,-3.4819033,-0.19829401,0.9706953,0.3762907,-3.7099478,-0.41690698,1.3613877,0.9953849,-3.3956225,0.06107054,1.4010128,0.65590584,-3.2231023,0.3198419,0.46650925,0.50665236,-3.373685,0.24959987,0.21699475
2024-03-06 17:40:46.197,0.38885775,-3.4819033,-0.2718131,1.2629137,0.52405125,-3.7099478,-0.56189644,1.6249218,0.96403456,-3.3956225,0.08193273,1.3996528,0.7244518,-3.2231023,0.21871814,0.55416,0.53689104,-3.373685,0.29184577,0.3556765
2024-03-06 17:40:46.878,0.9005373969999997,-4.035100676000002,-0.36075565985000035,1.4232754235999996,0.8571659667999999,-4.030522477999999,-0.41148795208000005,1.1290650979999994,1.1467596044000004,-3.4574583410000024,0.13556104768,1.0965887906,0.6784053933999998,-3.466557264000001,0.25125001774,0.5235896704999999,0.3363264034000001,-3.597169050000001,0.15722690356999997,0.14285445363
2024-03-06 17:40:47.198,0.58155084,-3.4819033,0.102914415,1.4422214,0.7151081,-3.7099478,-0.10323848,1.0293735,0.7914847,-3.3956225,0.35682496,1.0380598,0.81500924,-3.2231023,0.4100024,0.63884974,0.47123286,-3.373685,0.27683195,0.35844997
2024-03-06 17:40:47.317,0.9005373969999997,-4.035100676000002,-0.36075565985000035,1.4232754235999996,0.8571659667999999,-4.030522477999999,-0.41148795208000005,1.1290650979999994,1.1467596044000004,-3.4574583410000024,0.13556104768,1.0965887906,0.6784053933999998,-3.466557264000001,0.25125001774,0.5235896704999999,0.3363264034000001,-3.597169050000001,0.15722690356999997,0.14285445363
2024-03-06 17:40:48.199,1.269194,-3.4819033,0.54155904,1.6962707,0.7135978,-3.7099478,0.17242634,1.2567871,0.84492236,-3.3956225,0.35558048,1.1045264,0.85619944,-3.2231023,0.4857738,0.6481207,0.516145,-3.373685,0.1419083,0.28115684
2024-03-06 17:40:49.200,1.1111875,-3.4819033,-0.13954662,1.4599667,1.0184832,-3.7099478,-0.41515028,1.4809147,1.2257234,-3.3956225,0.11450522,1.6716559,0.84844196,-3.2231023,0.5430884,0.8842876,0.7563273,-3.373685,0.42320502,0.42562786
2024-03-06 17:40:50.202,0.6377943,-3.4819033,-0.35483038,1.231274,0.85976774,-3.7099478,-0.37158892,1.2457741,1.2450929,-3.3956225,0.32534385,1.6605619,0.94860864,-3.2231023,0.31456083,0.8086719,0.83218575,-3.373685,0.33913332,0.4146159
2024-03-06 17:40:51.204,0.558394,-3.4819033,-0.14749269,1.2696857,0.5492422,-3.7099478,-0.21154474,0.66520464,1.1036513,-3.3956225,0.36907265,1.048382,0.8757117,-3.2231023,0.50998855,0.59541285,0.65958905,-3.373685,0.044524558,0.26030084
2024-03-06 17:40:52.206,0.7237166,-3.4819033,-0.36298797,1.4803134,0.69966173,-3.7099478,-0.3443393,0.9210501,1.0846263,-3.3956225,-0.1253037,1.0532254,0.7188485,-3.2231023,0.46370775,0.4193618,0.42204905,-3.373685,0.19292568,0.37727156
2024-03-06 17:40:52.977,0.9005373969999997,-4.035100676000002,-0.36075565985000035,1.4232754235999996,0.8571659667999999,-4.030522477999999,-0.41148795208000005,1.1290650979999994,1.1467596044000004,-3.4574583410000024,0.13556104768,1.0965887906,0.6784053933999998,-3.466557264000001,0.25125001774,0.5235896704999999,0.3363264034000001,-3.597169050000001,0.15722690356999997,0.14285445363
2024-03-06 17:40:53.207,0.93522966,-3.4819033,-0.27081937,1.485376,0.681823,-3.7099478,-0.26630843,0.9960781,0.92090094,-3.3956225,-0.11650018,0.9360925,0.76428014,-3.2231023,0.48097283,0.526031,0.38884693,-3.373685,0.24118657,0.37968057
2024-03-06 17:40:54.208,1.0729179,-3.4819033,0.16969031,0.6790881,0.43069696,-3.7099478,0.049239248,0.66019356,0.7476423,-3.3956225,-0.05383366,0.91552556,0.7272165,-3.2231023,0.3129255,0.63510054,0.40998876,-3.373685,0.18894932,0.094345964
2024-03-06 17:40:55.210,1.0729179,-3.4819033,-0.3300539,1.2193263,0.43069696,-3.7099478,-0.420895,0.95464516,0.7476423,-3.3956225,-0.12441514,0.9215713,0.7272165,-3.2231023,0.20854145,0.51411,0.40998876,-3.373685,0.20660548,0.019398997
2024-03-06 17:40:55.311,0.9005373969999997,-4.035100676000002,-0.36075565985000035,1.4232754235999996,0.8571659667999999,-4.030522477999999,-0.41148795208000005,1.1290650979999994,1.1467596044000004,-3.4574583410000024,0.13556104768,1.0965887906,0.6784053933999998,-3.466557264000001,0.25125001774,0.5235896704999999,0.3363264034000001,-3.597169050000001,0.15722690356999997,0.14285445363
2024-03-06 17:40:56.212,1.0729179,-3.4819033,0.23477618,1.3433245,0.43069696,-3.7099478,-0.0045490945,1.224055,0.7476423,-3.3956225,0.22937922,0.640727,0.7272165,-3.2231023,0.30319798,0.46588117,0.40998876,-3.373685,0.23961166,0.021788467
2024-03-06 17:40:57.212,1.0729179,-3.4819033,-0.27858838,1.3008064,0.43069696,-3.7099478,-0.28644285,1.2636707,0.7476423,-3.3956225,0.20343594,0.640727,0.7272165,-3.2231023,0.37759367,0.5467723,0.40998876,-3.373685,0.25817433,0.05660186
2024-03-06 17:40:58.214,1.2018224,-3.4819033,-0.7152831,1.6863102,0.93808603,-3.7099478,-0.66810113,0.95927006,0.9136321,-3.3956225,0.16267405,0.73036194,0.8161788,-3.2231023,0.5070425,0.7455122,0.51423943,-3.373685,0.23395935,0.41958293
2024-03-06 17:40:59.215,1.0291809,-3.4819033,-0.47519338,1.4045057,0.82716817,-3.7099478,-0.56732845,1.0476478,1.170849,-3.3956225,0.09495645,0.59979224,0.76408166,-3.2231023,0.44316062,0.6431707,0.41823885,-3.373685,0.40807432,0.30941412
2024-03-06 17:41:00.216,0.73319864,-3.4819033,-0.38422456,1.2286819,0.7096927,-3.7099478,-0.36383092,0.89410305,1.120303,-3.3956225,0.3056356,0.49735624,0.7169699,-3.2231023,0.44784892,0.5466653,0.42670357,-3.373685,0.32226405,0.13733038
2024-03-06 17:41:00.805,0.9005373969999997,-4.035100676000002,-0.36075565985000035,1.4232754235999996,0.8571659667999999,-4.030522477999999,-0.41148795208000005,1.1290650979999994,1.1467596044000004,-3.4574583410000024,0.13556104768,1.0965887906,0.6784053933999998,-3.466557264000001,0.25125001774,0.5235896704999999,0.3363264034000001,-3.597169050000001,0.15722690356999997,0.14285445363
2024-03-06 17:41:01.216,0.56420135,-3.4819033,0.10326448,1.2847904,0.63543785,-3.7099478,-0.06729973,0.7141458,0.63163424,-3.3956225,0.36000592,0.49434176,0.6782585,-3.2231023,0.41381454,0.6165838,0.5408381,-3.373685,0.15932705,0.04094785
2024-03-06 17:41:02.113,0.9005373969999997,-4.035100676000002,-0.36075565985000035,1.4232754235999996,0.8571659667999999,-4.030522477999999,-0.41148795208000005,1.1290650979999994,1.1467596044000004,-3.4574583410000024,0.13556104768,1.0965887906,0.6784053933999998,-3.466557264000001,0.25125001774,0.5235896704999999,0.3363264034000001,-3.597169050000001,0.15722690356999997,0.14285445363
2024-03-06 17:41:02.218,0.5884212,-3.4819033,0.20510028,1.2847904,0.72854227,-3.7099478,-0.12129773,0.7141458,0.32103685,-3.3956225,0.15351939,0.49434176,0.60599923,-3.2231023,0.2995635,0.6165838,0.51342446,-3.373685,0.38878724,0.04094785
2024-03-06 17:41:03.220,0.5884212,-3.4819033,0.10114744,1.9099108,0.72854227,-3.7099478,-0.21306232,1.5237931,0.32103685,-3.3956225,0.84209067,1.6661192,0.60599923,-3.2231023,0.30082032,0.8107748,0.51342446,-3.373685,0.36133447,0.035321523
2024-03-06 17:41:04.229,1.2601869,-3.4819033,0.16012868,1.8704374,1.1495626,-3.7099478,-0.06661294,1.5471659,1.128122,-3.3956225,0.86500204,1.6661192,0.85493535,-3.2231023,0.2534075,0.7200989,0.30763122,-3.373685,0.24290797,-0.09497642
2024-03-06 17:41:05.247,1.0633752,-3.4819033,-0.2545469,1.3676673,0.98766613,-3.7099478,-0.2709471,1.3543146,1.1709907,-3.3956225,0.38216722,1.0772003,0.78409404,-3.2231023,0.238443,0.6308097,0.31901032,-3.373685,0.21680349,0.19991381
